contact_id,email,last_name,first_name
4661,cecilia.velasco@rodrigues.fr,Velasco,Cecilia
3765,mariana.ellis@rossi.org,Ellis,Mariana
4187,sofie.woods@riviere.com,Woods,Sofie
4941,jeanette.iannotti@yahoo.com,Iannotti,Jeanette
2199,samuel.sorgatz@gmail.com,Sorgatz,Samuel
5650,socorro.luna@hotmail.com,Luna,Socorro
5889,carolina.murray@knight.com,Murray,Carolina
4842,kayla.moon@yahoo.de,Moon,Kayla
3280,ariadna.geisel@rangel.com,Geisel,Ariadna
5468,danielle.ladeck@scalfaro.net,Ladeck,Danielle
3064,tatiana.thompson@hunt.net,Thompson,Tatiana
4904,caleb.benavides@rubio.com,Benavides,Caleb
1299,sandra.hardy@web.de,Hardy,Sandra
5602,lotti.morris@yahoo.co.uk,Morris,Lotti
5753,reinhilde.white@voila.fr,White,Reinhilde
4495,kerry.patel@hutchinson.com,Patel,Kerry
4269,sophie.antoine@andersen.com,Antoine,Sophie
2226,martha.girard@web.de,Girard,Martha
1558,stephanie.king@cervantes.com,King,Stephanie
2307,amanda.palmer@didier.fr,Palmer,Amanda
2900,lina.alcala@vespa.net,Alcala,Lina
5695,itzel.murphy@muelichen.de,Murphy,Itzel
5708,filippo.parry@live.com,Parry,Filippo
1663,katelyn.cole@fiebig.com,Cole,Katelyn
3605,brian.novak@ford.net,Novak,Brian
4678,cilly.gay@callegaro.it,Gay,Cilly
2251,yolanda.snyder@gmx.de,Snyder,Yolanda
6202,evelin.odonnell@ibarra.net,Odonnell,Evelin
3715,ingeborg.alba@hotmail.com,Alba,Ingeborg
4242,marina.madrid@galarza-alba.com,Madrid,Marina
4326,sheila.goodwin@yahoo.com,Goodwin,Sheila
5560,valeria.rich@turchetta-mondadori.it,Rich,Valeria
4002,dustin.camacho@rhodes.org.au,Camacho,Dustin
3813,amalia.marenzio@grupo.com,Marenzio,Amalia
5336,gian.long@hotmail.com,Long,Gian
4994,stewart.hunt@anderson-vargas.biz,Hunt,Stewart
1471,greca.ruiz@carr.co.uk,Ruiz,Greca
4482,gerald.olivera@outlook.com,Olivera,Gerald
3241,jaqueline.wallace@gmail.com,Wallace,Jaqueline
3477,john.lane@gregoire.fr,Lane,John
2265,pero.joly@bernard.net,Joly,Pero
5911,chad.turner@gmail.com,Turner,Chad
2288,adam.zavala@guichard.fr,Zavala,Adam
4064,tyler.rivera@guajardo-ozuna.com,Rivera,Tyler
1294,jens.graham@jones-buckley.com,Graham,Jens
5008,virginia.caetani@sosa.biz,Caetani,Virginia
3604,martino.wagner@laposte.net,Wagner,Martino
3263,martin.meyer@davis.co.uk,Meyer,Martin
5631,marguerite.walls@martinez.fr,Walls,Marguerite
2851,peter.vogt@yahoo.com,Vogt,Peter
3714,nicholas.christian@hotmail.de,Christian,Nicholas
1664,susi.steinberg@preiss.com,Steinberg,Susi
5027,tammy.ramazzotti@gmail.com,Ramazzotti,Tammy
3070,abdul.thomas@vasari.com,Thomas,Abdul
4248,justin.luxardo@googlemail.com,Luxardo,Justin
2034,antonio.gibson@faust.net,Gibson,Antonio
4085,jeremy.gomez@oconnor.org,Gomez,Jeremy
3569,raymond.solorzano@gmail.com,Solorzano,Raymond
3889,flora.harris@hotmail.com.au,Harris,Flora
3136,cheryl.boyd@segni.it,Boyd,Cheryl
2103,rhys.leiva@gmx.de,Leiva,Rhys
2329,mariano.prieto@vodafone.it,Prieto,Mariano
3325,laurie.fibonacci@gmail.com,Fibonacci,Laurie
3131,david.rudolph@nelson.com,Rudolph,David
4995,bryan.ross@yahoo.com,Ross,Bryan
3631,ubaldo.brown@philippe.com,Brown,Ubaldo
5373,clelia.faulkner@hotmail.com,Faulkner,Clelia
3126,sara.erickson@yahoo.de,Erickson,Sara
2194,rupert.valle@filogamo.it,Valle,Rupert
2906,puccio.kitzmann@yahoo.com,Kitzmann,Puccio
2611,thomas.hutchinson@gmx.de,Hutchinson,Thomas
2374,abelardo.castro@gmail.com,Castro,Abelardo
3254,greco.walker@yahoo.com,Walker,Greco
3571,miranda.lacombe@longoria-vanegas.net,Lacombe,Miranda
2812,diana.schuchhardt@libero.it,Schuchhardt,Diana
3961,stacey.knox@corporacin.com,Knox,Stacey
3872,glen.faivre@yahoo.com,Faivre,Glen
4736,andrew.torres@ruiz-torres.org,Torres,Andrew
5119,denny.fritz@despacho.biz,Fritz,Denny
5725,martyn.caldera@hotmail.co.uk,Caldera,Martyn
4037,abigail.foster@taylor.net,Foster,Abigail
2109,anthony.hauffer@tlustek.org,Hauffer,Anthony
3283,roger.gerlach@may-mitchell.co.uk,Gerlach,Roger
6181,christopher.poirier@hotmail.com,Poirier,Christopher
3251,branka.traore@jacobi.com,Traore,Branka
3443,briana.etienne@bishop-coates.com,Etienne,Briana
2988,brandon.olson@prince-moreno.net,Olson,Brandon
1673,celia.ungaretti@fox.com,Ungaretti,Celia
2085,barbara.guibert@casares-sanches.com,Guibert,Barbara
1672,daniela.bell@vollbrecht.org,Bell,Daniela
4426,phyllis.gurule@rodriguez-pham.com,Gurule,Phyllis
3211,alejandra.joseph@escalante-abrego.biz,Joseph,Alejandra
3190,giulio.bohlander@dbmail.com,Bohlander,Giulio
2081,amber.weller@toso.eu,Weller,Amber
3185,mary.etzold@conrad-harrison.com,Etzold,Mary
5044,amy.georges@raedel.de,Georges,Amy
1883,jennifer.giraud@yahoo.com,Giraud,Jennifer
2067,rosie.peltier@voila.fr,Peltier,Rosie
4604,oreste.ward@proyectos.com,Ward,Oreste
3203,luis.edwards@live.com,Edwards,Luis
5758,fiona.griffiths@curatoli-verdone.it,Griffiths,Fiona
5755,sally.raya@tarchetti.it,Raya,Sally
5150,carolyn.charpentier@hotmail.de,Charpentier,Carolyn
4181,nathalie.alvarez@live.com,Alvarez,Nathalie
3006,abril.lowery@novak.net,Lowery,Abril
4865,ottone.sullivan@hussain-kaur.com,Sullivan,Ottone
2862,esmeralda.sollima@visintini.it,Sollima,Esmeralda
6070,silvia.gierschner@tele2.it,Gierschner,Silvia
5300,kyle.cunningham@voila.fr,Cunningham,Kyle
3486,anel.carpentier@klein-joseph.org,Carpentier,Anel
5989,sarah.davis@david.com,Davis,Sarah
2849,luke.klein@hotmail.com,Klein,Luke
1612,gudrun.mueller@dillon-fuller.info,Mueller,Gudrun
3307,melissa.canali@libero.it,Canali,Melissa
5288,gabrielle.ayala@hotmail.com,Ayala,Gabrielle
6026,laura.buckley@ryan.org,Buckley,Laura
2212,wilfrido.lorch@leclerc.fr,Lorch,Wilfrido
4591,robert.bruder@manzoni.com,Bruder,Robert
2771,phillip.soliz@outlook.com,Soliz,Phillip
5682,alex.smith@fournier.fr,Smith,Alex
5368,jessica.martinez@salieri.com,Martinez,Jessica
3706,kelly.carter@hotmail.com.au,Carter,Kelly
4034,ahmad.sosa@gmail.com,Sosa,Ahmad
3209,toralf.iglesias@borrego.com,Iglesias,Toralf
2384,irene.anichini@yahoo.com,Anichini,Irene
3074,alicia.cainero@yahoo.com,Cainero,Alicia
2031,tracey.laboy@bell.biz,Laboy,Tracey
5873,donald.reynaud@green.edu.au,Reynaud,Donald
5501,venancio.stadelmann@gmx.de,Stadelmann,Venancio
3489,seth.olivier@yahoo.com,Olivier,Seth
4210,dennis.boaga@gmx.de,Boaga,Dennis
6151,pedro.wilson@outlook.com,Wilson,Pedro
6047,roland.weihmann@gmail.com,Weihmann,Roland
5445,hector.morrison@web.de,Morrison,Hector
5493,evangelos.peters@sanchez.net,Peters,Evangelos
6036,gerardo.hamilton@libero.it,Hamilton,Gerardo
2368,meta.cuzzocrea@howard-jensen.org,Cuzzocrea,Meta
1501,alma.raymond@tin.it,Raymond,Alma
4351,kathleen.solimena@wallace.biz,Solimena,Kathleen
3096,zacharie.cordier@gmail.com,Cordier,Zacharie
6162,riza.techer@yahoo.com,Techer,Riza
1433,enrique.guillen@hotmail.co.uk,Guillen,Enrique
2720,tristan.weeks@pena.com,Weeks,Tristan
5251,natalie.lerma@boucher.com,Lerma,Natalie
1797,rodney.hamon@hotmail.com,Hamon,Rodney
1656,adalberto.lombardo@sfr.fr,Lombardo,Adalberto
1346,florencia.querini@gmail.com,Querini,Florencia
2989,liam.rolland@yahoo.fr,Rolland,Liam
5629,ian.kelly@reeves.com.au,Kelly,Ian
3456,mehdi.todd@web.de,Todd,Mehdi
3229,rembrandt.liguori@davis.org,Liguori,Rembrandt
2277,irmi.schweitzer@ozuna.com,Schweitzer,Irmi
1276,gioffre.stein@hotmail.com.au,Stein,Gioffre
3694,frida.villarreal@hotmail.de,Villarreal,Frida
2260,steffen.mangold@paul.net,Mangold,Steffen
5374,elias.marin@herve.net,Marin,Elias
4420,roman.gonzalez@anderson.net,Gonzalez,Roman
3849,reina.middleton@hotmail.com,Middleton,Reina
1638,sandro.moran@hotmail.de,Moran,Sandro
5230,gebhard.thanel@gmail.com,Thanel,Gebhard
1763,antonino.bolander@gmail.com,Bolander,Antonino
4323,karl.trevisani@anguissola.it,Trevisani,Karl
5256,silvester.brookes@franco.org,Brookes,Silvester
4836,octavio.pratt@web.de,Pratt,Octavio
5981,rebecca.greer@hotmail.com,Greer,Rebecca
1463,pierina.gaggini@free.fr,Gaggini,Pierina
4577,robin.schleich@rogers-barrera.biz,Schleich,Robin
4951,sergio.abbott@moore.net.au,Abbott,Sergio
3567,gilberto.evans@salcedo-archuleta.net,Evans,Gilberto
5475,james.elliott@gmail.com,Elliott,James
2114,timoteo.bolnbach@laboratorios.com,Bolnbach,Timoteo
5216,tonino.stanley@hotmail.com,Stanley,Tonino
1665,margaretha.murialdo@meunier.com,Murialdo,Margaretha
6051,bianca.drubin@libero.it,Drubin,Bianca
3983,kaylee.hoffmann@poulain.com,Hoffmann,Kaylee
2966,teresa.vecellio@yahoo.com,Vecellio,Teresa
4478,emine.tacchini@dbmail.com,Tacchini,Emine
4238,dawn.cortez@gmail.com,Cortez,Dawn
4404,emily.cundari@clark.com.au,Cundari,Emily
5666,eleanor.hall@hotmail.com,Hall,Eleanor
3691,monique.delgadillo@hotmail.co.uk,Delgadillo,Monique
2703,arnaude.warner@gmail.com,Warner,Arnaude
4253,jason.howell@gmx.de,Howell,Jason
5652,nicole.mccullough@hall.com,Mccullough,Nicole
3279,rosmarie.esquibel@bouygtel.fr,Esquibel,Rosmarie
3233,leonor.ferreira@gmail.com,Ferreira,Leonor
3017,brett.jones@alice.it,Jones,Brett
3482,nino.bien@gmail.com,Bien,Nino
2166,jemma.tate@hotmail.de,Tate,Jemma
4146,denis.rogers@poste.it,Rogers,Denis
2651,vanesa.khan@voila.fr,Khan,Vanesa
1409,victoria.ojeda@doehn.com,Ojeda,Victoria
3717,eugenio.martin@yahoo.de,Martin,Eugenio
3963,nancy.hayes@hotmail.com,Hayes,Nancy
2152,lara.jacob@buckley.org,Jacob,Lara
2974,gino.hernandez@covarrubias.com,Hernandez,Gino
1268,vicente.tijerina@montanariello.com,Tijerina,Vicente
1822,michele.brambilla@yahoo.com,Brambilla,Michele
5066,dana.ritacca@gmail.com,Ritacca,Dana
5075,mitchell.bachmann@suarez-cruz.com,Bachmann,Mitchell
3855,vincenza.key@adams.com,Key,Vincenza
5923,salvador.gaillard@yahoo.de,Gaillard,Salvador
1867,diane.rogner@kelly.co.uk,Rogner,Diane
4376,josette.laine@saracino-parisi.net,Laine,Josette
2785,courtney.fiebig@doerschner.com,Fiebig,Courtney
5884,hugues.oliver@stiffel.com,Oliver,Hugues
2441,espartaco.willis@hotmail.com,Willis,Espartaco
1243,flavia.yoder@hotmail.de,Yoder,Flavia
3411,casey.flores@baggio.org,Flores,Casey
2467,calogero.cross@mercantini.it,Cross,Calogero
1850,charles.begum@laboratorios.info,Begum,Charles
2604,adina.pollard@outlook.com,Pollard,Adina
1693,natasha.lara@outlook.com,Lara,Natasha
2969,benita.pottier@sfr.fr,Pottier,Benita
1544,elizabeth.valdivia@gmail.com,Valdivia,Elizabeth
4149,mattia.huet@aol.de,Huet,Mattia
3463,geza.howard@voila.fr,Howard,Geza
2939,lauren.guillaume@sorgatz.org,Guillaume,Lauren
2202,joanna.baxter@bruce-wright.com,Baxter,Joanna
1728,tracy.metz@bryant.info,Metz,Tracy
5362,birgit.pena@armellini.it,Pena,Birgit
4840,elvira.papafava@ifrance.com,Papafava,Elvira
2955,ernest.delorme@dowerg.de,Delorme,Ernest
5354,christy.grossi@alarcon-tafoya.com,Grossi,Christy
3847,hermelinda.olmos@portillo.com,Olmos,Hermelinda
3025,herbert.fraser@holloway.org.au,Fraser,Herbert
1615,giancarlo.heydrich@hotmail.com,Heydrich,Giancarlo
5154,constance.maldonado@spiess.net,Maldonado,Constance
5005,giampiero.carlier@hotmail.com,Carlier,Giampiero
1349,carlo.jacquot@hotmail.com,Jacquot,Carlo
3670,gabriel.robles@yahoo.com,Robles,Gabriel
2912,gerd.gunpf@gmail.com,Gunpf,Gerd
4336,ashley.hellwig@libero.it,Hellwig,Ashley
5576,patrick.rosas@yahoo.com,Rosas,Patrick
2736,lilla.leonard@jungfer.com,Leonard,Lilla
3321,tony.nicolas@morrocco-seddio.net,Nicolas,Tony
3353,allegra.benedetti@miller.com,Benedetti,Allegra
2336,camille.tafuri@aol.de,Tafuri,Camille
4369,juan.wheeler@gilmore.net,Wheeler,Juan
4464,leopoldo.johnson@hotmail.com.au,Johnson,Leopoldo
5626,dietmar.grenier@tele2.it,Grenier,Dietmar
1669,leonid.scholl@collin.com,Scholl,Leonid
5544,olivie.contarini@marshall-wright.biz,Contarini,Olivie
6078,jeffery.lacroix@medina.org,Lacroix,Jeffery
2580,edeltraud.chavez@hotmail.com.au,Chavez,Edeltraud
3592,mesut.morvan@gmail.com,Morvan,Mesut
4914,gregory.jackson@ortiz.com,Jackson,Gregory
3848,nicola.rossi@berry.org,Rossi,Nicola
2619,eddie.collazo@gmail.com,Collazo,Eddie
4605,philippe.gardner@howells-jones.net,Gardner,Philippe
6147,roy.fox@tejeda.com,Fox,Roy
1383,heiderose.garcia@noos.fr,Garcia,Heiderose
1757,claudine.rowley@industrias.com,Rowley,Claudine
4390,astrid.roht@fastwebnet.it,Roht,Astrid
4165,auguste.burnett@yahoo.fr,Burnett,Auguste
4529,pellegrino.allen@gmail.com,Allen,Pellegrino
6084,angela.bowers@laboratorios.com,Bowers,Angela
2916,michael.descamps@gmail.com,Descamps,Michael
2005,heidelore.kennedy@guinizzelli.org,Kennedy,Heidelore
2261,lucrezia.koch@petit.com,Koch,Lucrezia
5342,ivan.accardo@web.de,Accardo,Ivan
4087,karen.avogadro@yahoo.com,Avogadro,Karen
2761,laetitia.gallet@aubry.org,Gallet,Laetitia
2908,amico.gosselin@shaw.info,Gosselin,Amico
2155,ilaria.bowen@hotmail.it,Bowen,Ilaria
5642,marlen.coardi@colletti.eu,Coardi,Marlen
6217,rafael.alexander@jenkins.com,Alexander,Rafael
4222,herma.gabbana@hotmail.com,Gabbana,Herma
4798,zachary.vespucci@industrias.com,Vespucci,Zachary
5660,marisol.richard@gmail.com,Richard,Marisol
5000,joseph.glover@laposte.net,Glover,Joseph
2809,lauretta.neal@hotmail.de,Neal,Lauretta
3349,simone.sauvage@yahoo.com,Sauvage,Simone
3647,ramona.brooks@kensy.de,Brooks,Ramona
5745,gioele.schwital@moody.com,Schwital,Gioele
2583,elena.jimenez@yahoo.com.au,Jimenez,Elena
5441,pam.vargas@guillot.net,Vargas,Pam
2090,alison.morales@lewis.com,Morales,Alison
3386,marc.aumann@holland.com,Aumann,Marc
1816,carla.butler@yahoo.com,Butler,Carla
4718,dionigi.bruce@industrias.com,Bruce,Dionigi
1677,frank.henry@yahoo.com,Henry,Frank
4218,brent.pons@proyectos.net,Pons,Brent
4548,patricia.liebelt@baca.org,Liebelt,Patricia
1431,micheletto.sykes@thompson-thompson.com,Sykes,Micheletto
2830,rose.blanc@grupo.com,Blanc,Rose
4400,vincent.singh@gmail.com,Singh,Vincent
5773,jamie.peacock@interiano-nordio.com,Peacock,Jamie
4161,giorgia.dijoux@paul.com,Dijoux,Giorgia
2062,serena.piacentini@yahoo.de,Piacentini,Serena
3458,dimitri.posada@gmail.com,Posada,Dimitri
3174,alexa.barillaro@ramos.net,Barillaro,Alexa
5565,megan.kuhl@despacho.com,Kuhl,Megan
1906,kaitlyn.farinelli@outlook.com,Farinelli,Kaitlyn
5479,jonathan.castellitto@libero.it,Castellitto,Jonathan
4320,lisa.terragni@proyectos.com,Terragni,Lisa
4213,olivier.petrucelli@letta-raurica.eu,Petrucelli,Olivier
3373,jos.trobbiani@samson.com,Trobbiani,Jos
4184,mirjam.dawson@yahoo.com,Dawson,Mirjam
5472,javier.tessier@mclaughlin.biz,Tessier,Javier
5559,mirjana.collins@hotmail.com,Collins,Mirjana
5419,vanessa.tschentscher@mitchell.com,Tschentscher,Vanessa
4171,antonina.cobb@gibson.org,Cobb,Antonina
1302,bernard.durand@royer.com,Durand,Bernard
3520,corey.greggio@johnson.org.au,Greggio,Corey
6010,rodolfo.couturier@tim.it,Couturier,Rodolfo
4617,pierre.cardenas@luzi-bonomo.eu,Cardenas,Pierre
1417,romeo.surian@batista.com,Surian,Romeo
4770,ivo.moreno@hotmail.com,Moreno,Ivo
4328,federico.marie@jourdan.fr,Marie,Federico
5171,maggie.boito@yahoo.com,Boito,Maggie
4394,brianna.hanson@stanley.com,Hanson,Brianna
1794,heiko.bourgeois@togliatti.com,Bourgeois,Heiko
3510,benito.gritti@gmail.com,Gritti,Benito
2487,mitzy.junk@zaragoza.com,Junk,Mitzy
2215,samantha.lowe@praga.it,Lowe,Samantha
4136,ernesto.nerger@middleton.co.uk,Nerger,Ernesto
3723,melinda.canova@orange.fr,Canova,Melinda
5842,mohammad.hartung@hotmail.com,Hartung,Mohammad
3289,ben.maillot@ramos.net,Maillot,Ben
1249,isabel.pruschke@gmail.com,Pruschke,Isabel
5409,linda.franceschi@richards.net,Franceschi,Linda
2951,olivia.striebitz@gmail.com,Striebitz,Olivia
3432,penny.watson@matthews.net,Watson,Penny
2297,manfred.james@davies.org,James,Manfred
6161,hazel.pierce@outlook.com,Pierce,Hazel
4603,alf.bates@dunn.com,Bates,Alf
5818,scott.gough@industrias.com,Gough,Scott
4270,konrad.briones@fierro.com,Briones,Konrad
6007,mathilde.kruschwitz@yahoo.com,Kruschwitz,Mathilde
4084,irma.gemito@googlemail.com,Gemito,Irma
1340,antoine.guyon@yahoo.com,Guyon,Antoine
5675,william.gibilisco@gaillard.com,Gibilisco,William
2010,judith.butte@fischer-vaughn.info,Butte,Judith
6201,joanne.henderson@gmail.com,Henderson,Joanne
1791,ludovica.arellano@morandi-argento.com,Arellano,Ludovica
3314,catherine.gray@hotmail.com,Gray,Catherine
5852,franco.fioravanti@barry-gill.com.au,Fioravanti,Franco
4618,heather.zimmer@bluemel.de,Zimmer,Heather
2618,hortense.taylor@chambers.biz,Taylor,Hortense
4967,livia.ernst@colas.fr,Ernst,Livia
4594,toby.etzler@industrias.com,Etzler,Toby
2080,ennio.leoncavallo@sanchez.org,Leoncavallo,Ennio
2793,philippine.vaca@hotmail.com,Vaca,Philippine
4890,rhonda.phillips@yahoo.com,Phillips,Rhonda
3528,alphonse.nitto@voila.fr,Nitto,Alphonse
5810,karina.arreola@yahoo.com.au,Arreola,Karina
5720,denise.wood@mantegna.com,Wood,Denise
4593,burghard.rosenow@hotmail.com,Rosenow,Burghard
3186,friedl.powell@laposte.net,Powell,Friedl
5136,benjamin.schultz@rivero-davila.com,Schultz,Benjamin
2646,rachel.ulibarri@schueler.com,Ulibarri,Rachel
3460,silvano.blanchet@yahoo.com,Blanchet,Silvano
4345,kurt.sauer@almanza.biz,Sauer,Kurt
2690,nayeli.gehringer@hotmail.com,Gehringer,Nayeli
4025,imelda.guerin@stumpf.net,Guerin,Imelda
4524,zbigniew.holmes@stiffel.net,Holmes,Zbigniew
3978,adela.alfonsi@despacho.com,Alfonsi,Adela
3910,hilary.clark@libero.it,Clark,Hilary
5825,kornelius.molina@heuser.com,Molina,Kornelius
3564,christian.anderson@tim.it,Anderson,Christian
2396,francisco.dorsey@tiscali.fr,Dorsey,Francisco
2140,walli.albert@dussen.com,Albert,Walli
3079,siegrun.mota@matthews-montoya.org.au,Mota,Siegrun
2017,alberico.herve@beer.net,Herve,Alberico
5444,serafina.bonnin@mendes.com,Bonnin,Serafina
2216,marcelle.bender@edwards-robinson.info,Bender,Marcelle
1241,hartmuth.robertson@thomas.edu.au,Robertson,Hartmuth
1484,herlinde.george@free.fr,George,Herlinde
3475,pamela.payne@yahoo.com,Payne,Pamela
4333,gastone.beyer@stewart-sanchez.edu,Beyer,Gastone
5657,lydia.berengario@aol.de,Berengario,Lydia
2527,lucy.davidson@tele2.it,Davidson,Lucy
5967,franck.wade@gute.org,Wade,Franck
5698,heidi.barker@gmail.com,Barker,Heidi
3331,arnaldo.ocasio@hotmail.com,Ocasio,Arnaldo
3841,francis.bernier@rodriguez.com,Bernier,Francis
6105,johanne.strong@yahoo.de,Strong,Johanne
3895,debra.langlois@schmiedecke.com,Langlois,Debra
1891,reingard.kambs@sagese.eu,Kambs,Reingard
1281,mauro.ortiz@oquendo.net,Ortiz,Mauro
4186,griselda.carranza@krause.de,Carranza,Griselda
2511,janet.madrigal@gmail.com,Madrigal,Janet
4272,jenna.day@reed.com,Day,Jenna
3533,modesto.wright@pareto.com,Wright,Modesto
3618,alice.wall@zaccardo.it,Wall,Alice
2177,brenda.sontag@solari.com,Sontag,Brenda
4102,sergius.mace@palazzo.com,Mace,Sergius
6089,antonia.kline@gmail.com,Kline,Antonia
4701,maurice.gumprich@griffin.net.au,Gumprich,Maurice
5645,daniel.anders@yahoo.com,Anders,Daniel
4499,zaira.cattaneo@yahoo.com,Cattaneo,Zaira
3365,alessio.bruneau@hotmail.co.uk,Bruneau,Alessio
2290,gerdi.guerrero@tele2.fr,Guerrero,Gerdi
1890,brigitte.stiebitz@gmail.com,Stiebitz,Brigitte
1304,june.sinisi@manzoni-giannini.it,Sinisi,June
3799,carl.macias@yahoo.com,Macias,Carl
2749,veronica.trapp@tiscali.it,Trapp,Veronica
2028,frances.garnier@aporti-guidotti.org,Garnier,Frances
2383,terri.iannelli@hotmail.com,Iannelli,Terri
5721,odette.moore@hall.edu,Moore,Odette
1394,mercedes.trujillo@aol.de,Trujillo,Mercedes
3451,babette.dumas@brady.net,Dumas,Babette
5512,jerry.santiago@soprano-ferragni.it,Santiago,Jerry
2453,ronald.simpson@ovadia.net,Simpson,Ronald
6055,emmanuel.dominguez@gmail.com,Dominguez,Emmanuel
5704,christiane.ricciardi@zavala.com,Ricciardi,Christiane
3707,ingolf.zamora@yahoo.com.au,Zamora,Ingolf
2205,rita.sharp@beard-scott.edu.au,Sharp,Rita
5976,geraldine.cabrera@green-smith.info,Cabrera,Geraldine
3290,chantal.armas@jenkins.net,Armas,Chantal
4257,louis.gilbert@gmail.com,Gilbert,Louis
4588,michelle.collier@peruzzi.it,Collier,Michelle
4785,guillermina.nicholson@grondin.fr,Nicholson,Guillermina
3033,bertrand.hopkins@gmail.com,Hopkins,Bertrand
2779,alonso.palomo@gehringer.de,Palomo,Alonso
2131,tina.rodriguez@web.de,Rodriguez,Tina
6229,eva.francis@parker.org,Francis,Eva
3429,ottavio.rust@crespi.com,Rust,Ottavio
1613,amelia.olvera@hotmail.com,Olvera,Amelia
4734,paul.palladio@mclaughlin.net.au,Palladio,Paul
4439,bernardo.wieloch@budig.com,Wieloch,Bernardo
1441,umberto.hicks@hill.com,Hicks,Umberto
5799,janko.bishop@tim.it,Bishop,Janko
1419,jessika.meunier@gmx.de,Meunier,Jessika
3059,isaac.benard@googlemail.com,Benard,Isaac
3224,alexandrie.lambert@yahoo.com,Lambert,Alexandrie
3181,roberto.guyot@bennett.com,Guyot,Roberto
6061,giulietta.lucas@club.com,Lucas,Giulietta
4466,damaris.pininfarina@gmail.com,Pininfarina,Damaris
6081,fabrizia.renard@higgins-marks.com,Renard,Fabrizia
2159,camillo.dehmel@brown-campbell.com,Dehmel,Camillo
3324,ruggero.parpinel@gmail.com,Parpinel,Ruggero
3176,stephen.pratesi@hotmail.com,Pratesi,Stephen
5874,ludger.naccari@ingram.biz,Naccari,Ludger
5110,meryem.tapia@yahoo.com,Tapia,Meryem
5490,jasmine.juvara@yahoo.com.au,Juvara,Jasmine
1922,victoire.travaglia@zacchia.com,Travaglia,Victoire
4398,adrian.noel@perrin.com,Noel,Adrian
4754,marvin.howe@gmail.com,Howe,Marvin
3309,hanne.kidd@yahoo.com,Kidd,Hanne
1244,donatello.millet@fritsch.net,Millet,Donatello
2892,eloisa.pascarella@gmail.com,Pascarella,Eloisa
2777,erica.zambrano@gmail.com,Zambrano,Erica
4952,paula.canales@gilmore-guerrero.com,Canales,Paula
5144,claudia.bernard@mazzanti.it,Bernard,Claudia
5487,paulina.miller@lewis-barker.com,Miller,Paulina
1932,kathrin.godfrey@tele2.fr,Godfrey,Kathrin
3364,pina.passalacqua@yahoo.co.uk,Passalacqua,Pina
5165,julien.miles@stevens-rose.com,Miles,Julien
3858,suzanne.benigni@mennea-morlacchi.com,Benigni,Suzanne
4666,annalisa.pugh@hotmail.fr,Pugh,Annalisa
2896,mathew.maestas@casas-garrido.com,Maestas,Mathew
4520,laszlo.vallee@verdier.com,Vallee,Laszlo
5726,helen.polanco@hotmail.com,Polanco,Helen
5661,mateo.sorrentino@calderon.com,Sorrentino,Mateo
4765,eric.barnes@barrett-winter.com,Barnes,Eric
3710,dragica.west@yahoo.com.au,West,Dragica
4925,antje.voisin@gmail.com,Voisin,Antje
1533,stanley.mills@parker-lee.biz,Mills,Stanley
5264,brandy.meraz@yahoo.com,Meraz,Brandy
4606,conor.reinhardt@yahoo.com.au,Reinhardt,Conor
2043,gabino.blot@lewis-russell.org,Blot,Gabino
3871,alvaro.lemus@yahoo.com,Lemus,Alvaro
6205,patrizia.wilms@dbmail.com,Wilms,Patrizia
3193,metin.coulon@ashley.com,Coulon,Metin
1810,reece.valencia@laboy-palomo.com,Valencia,Reece
4797,troy.schmiedecke@picard.com,Schmiedecke,Troy
1487,wendy.bustos@libero.it,Bustos,Wendy
3474,guglielmo.caldwell@loeffler.com,Caldwell,Guglielmo
5771,travis.cowan@turner.info,Cowan,Travis
6074,brandi.abbagnale@tele2.fr,Abbagnale,Brandi
1568,hanno.gollum@smith.com,Gollum,Hanno
4263,jutta.burke@elliott.com,Burke,Jutta
5850,dorothe.paz@fiebig.de,Paz,Dorothe
5619,desiree.huerta@morris.com,Huerta,Desiree
1904,ilse.bray@venturi.it,Bray,Ilse
5388,pierpaolo.scaduto@sanders-gibson.com.au,Scaduto,Pierpaolo
2150,amedeo.bradford@yahoo.com,Bradford,Amedeo
2653,julia.ali@yahoo.com,Ali,Julia
2687,catalina.pizzetti@tim.it,Pizzetti,Catalina
3779,dylan.porzio@yahoo.de,Porzio,Dylan
1494,iris.trincavelli@tiscali.fr,Trincavelli,Iris
4129,johnathan.guidotti@cox-sanchez.net,Guidotti,Johnathan
3035,walburga.vollbrecht@aol.de,Vollbrecht,Walburga
2069,kendra.david@allan-morton.com,David,Kendra
5469,aleksandr.weiss@blanc.org,Weiss,Aleksandr
3903,cornelio.guardado@gmail.com,Guardado,Cornelio
4083,ferdi.blackburn@christensen.net,Blackburn,Ferdi
4003,bill.gallagher@green.com,Gallagher,Bill
3565,leonard.harvey@hotmail.com,Harvey,Leonard
1640,milan.montenegro@langern.com,Montenegro,Milan
4769,philip.perez@hotmail.co.uk,Perez,Philip
3398,kathryn.hentschel@shaw.com,Hentschel,Kathryn
1865,xavier.samson@baggio.it,Samson,Xavier
5690,hartwig.roberts@saraceno.net,Roberts,Hartwig
3814,kimberly.chan@gmail.com,Chan,Kimberly
2942,lorraine.crawford@gmail.com,Crawford,Lorraine
5095,maximiliano.knowles@gmail.com,Knowles,Maximiliano
2878,gabriella.avila@gmail.com,Avila,Gabriella
3697,rico.mortati@faivre.fr,Mortati,Rico
4744,gail.petrocelli@yahoo.com,Petrocelli,Gail
2104,liberto.niemeier@germano-dibiasi.it,Niemeier,Liberto
4883,luciana.petitjean@patterson-cole.biz,Petitjean,Luciana
4807,ron.cavazos@yahoo.com,Cavazos,Ron
1372,aldo.cibin@gmx.de,Cibin,Aldo
3666,alexandre.serrano@yahoo.co.uk,Serrano,Alexandre
2066,lori.fagotto@hill-anderson.com,Fagotto,Lori
1834,perla.figueroa@live.com,Figueroa,Perla
5853,reginald.hughes@gmail.com,Hughes,Reginald
2219,uriel.holt@gmail.com,Holt,Uriel
4148,stefano.lemonnier@binner.com,Lemonnier,Stefano
4477,madeleine.cooper@poste.it,Cooper,Madeleine
1786,alban.barbier@ortiz.org,Barbier,Alban
3455,alfonso.finetti@quiroz.com,Finetti,Alfonso
5707,ryan.kim@noos.fr,Kim,Ryan
5470,augustin.wohlgemut@watson.info,Wohlgemut,Augustin
3274,rolando.bibi@tin.it,Bibi,Rolando
4613,berthold.randall@mcdonald.com,Randall,Berthold
4465,genaro.briand@sfr.fr,Briand,Genaro
1652,rudolf.jenkins@hotmail.com,Jenkins,Rudolf
2100,pauline.ackermann@arredondo-roque.com,Ackermann,Pauline
4321,folker.swanson@rodrigues.fr,Swanson,Folker
4168,ashleigh.montez@perry-schneider.com,Montez,Ashleigh
3733,liliana.barber@libero.it,Barber,Liliana
2594,caridad.carr@huhn.com,Carr,Caridad
3909,lolita.borrego@gmail.com,Borrego,Lolita
5179,gunar.patrick@leroy.com,Patrick,Gunar
2228,leokadia.verdier@hotmail.com.au,Verdier,Leokadia
6222,hanna.reid@salas.org,Reid,Hanna
2354,edelgard.kreusel@hotmail.com,Kreusel,Edelgard
1725,svenja.perrin@berger.com,Perrin,Svenja
2960,pierluigi.taccola@gmx.de,Taccola,Pierluigi
2077,cilli.watts@yahoo.com,Watts,Cilli
5662,emiliano.wells@gmx.de,Wells,Emiliano
3481,april.davids@fisher.info,Davids,April
2565,dolores.didier@yahoo.com.au,Didier,Dolores
4436,sylvia.bonomo@poulain.com,Bonomo,Sylvia
5072,nelly.marsh@hotmail.it,Marsh,Nelly
5200,beth.miniati@hudson.net,Miniati,Beth
4502,renee.merino@gmail.com,Merino,Renee
4945,hailey.russell@jourdan.org,Russell,Hailey
3012,raphaela.gotthard@outlook.com,Gotthard,Raphaela
6094,pomponio.comencini@hotmail.co.uk,Comencini,Pomponio
3815,leone.richardson@yahoo.com,Richardson,Leone
4838,valentine.acosta@peters.net,Acosta,Valentine
3469,ricciotti.laureano@parsons.com,Laureano,Ricciotti
4874,jacques.heidrich@zamudio-chapa.com,Heidrich,Jacques
1792,anne.snow@gmail.com,Snow,Anne
4356,sonia.volta@gmx.de,Volta,Sonia
6196,dale.leblanc@stewart.com,Leblanc,Dale
3578,alejandro.cruz@hotmail.com,Cruz,Alejandro
4491,elsa.cugia@yahoo.com,Cugia,Elsa
3054,geronimo.pechel@hotmail.com,Pechel,Geronimo
1968,melania.klemm@seidel.com,Klemm,Melania
5869,katherine.cooley@yahoo.com,Cooley,Katherine
5858,guillermo.larsen@yahoo.com,Larsen,Guillermo
5203,jill.barrios@gmail.com,Barrios,Jill
2577,austin.musatti@tin.it,Musatti,Austin
3216,jacinto.rose@yahoo.com,Rose,Jacinto
2037,lucie.redi@googlemail.com,Redi,Lucie
3867,tania.chapman@remy.com,Chapman,Tania
5109,alexandria.best@yahoo.co.uk,Best,Alexandria
1376,edward.scott@yahoo.com,Scott,Edward
5260,jake.wiley@outlook.com,Wiley,Jake
2350,claudio.reuter@morgan-collins.org.au,Reuter,Claudio
2269,laure.traetta@kay-perkins.co.uk,Traetta,Laure
3650,magarete.valentin@yahoo.com,Valentin,Magarete
3934,paige.hill@jones.org.au,Hill,Paige
4048,fulvio.curiel@reynolds.com,Curiel,Fulvio
4266,thibaut.camarillo@hotmail.com,Camarillo,Thibaut
3863,romana.blanchard@googlemail.com,Blanchard,Romana
4922,thibault.savorgnan@butler.biz,Savorgnan,Thibault
4517,alexander.pausini@gonzalez.info,Pausini,Alexander
3259,pierangelo.scholtz@lefevre.com,Scholtz,Pierangelo
3123,emmanuelle.keller@morton-clarke.com,Keller,Emmanuelle
3870,isabella.deleon@web.de,Deleon,Isabella
2996,timothy.weitzel@gmail.com,Weitzel,Timothy
2993,alfredo.ingram@hotmail.com,Ingram,Alfredo
4556,francesca.kade@luna-rael.org,Kade,Francesca
2326,tonia.coleman@hotmail.com,Coleman,Tonia
4109,gottfried.barbe@hotmail.com,Barbe,Gottfried
5739,jeffrey.trommler@yahoo.com,Trommler,Jeffrey
5887,giacobbe.owens@huet.fr,Owens,Giacobbe
1651,conchita.pagliaro@googlemail.com,Pagliaro,Conchita
1628,kevin.delahaye@ellis-wilson.com,Delahaye,Kevin
2642,rouven.ovadia@gmail.com,Ovadia,Rouven
6020,piermaria.laporte@wesack.com,Laporte,Piermaria
4747,karolin.johann@hotmail.com,Johann,Karolin
5534,steven.folliero@noos.fr,Folliero,Steven
4790,livio.rosselli@green.co.uk,Rosselli,Livio
4632,gaetano.leonardi@despacho.com,Leonardi,Gaetano
1952,cynthia.robinson@gilles.net,Robinson,Cynthia
4388,eleni.aponte@club-internet.fr,Aponte,Eleni
5529,noelia.romo@yahoo.com,Romo,Noelia
1316,evelyn.haynes@clark.info,Haynes,Evelyn
1670,katharine.zaccagnini@hotmail.com,Zaccagnini,Katharine
4909,lea.merle@stey.de,Merle,Lea
3401,marta.huynh@hernandez.info,Huynh,Marta
4619,amador.riley@hotmail.com,Riley,Amador
4722,julie.coles@hotmail.fr,Coles,Julie
2188,beverley.telesio@regnier.fr,Telesio,Beverley
5497,corinne.mitschke@hauffer.net,Mitschke,Corinne
5711,valerie.ortega@tele2.it,Ortega,Valerie
4076,carlos.delle@hicks.com,Delle,Carlos
1847,christina.besnard@delorme.com,Besnard,Christina
2816,rosario.jacques@yahoo.com,Jacques,Rosario
5019,celal.fischer@aol.de,Fischer,Celal
4869,leonardo.guzman@andreozzi-abba.com,Guzman,Leonardo
3613,clinton.mason@yahoo.com,Mason,Clinton
3069,loretta.mallet@sansoni-toscani.it,Mallet,Loretta
2601,lorenzo.roero@hotmail.co.uk,Roero,Lorenzo
2133,lando.gutierrez@heser.com,Gutierrez,Lando
3164,elaine.patterson@rose-morris.org,Patterson,Elaine
3897,marcella.govoni@barkholz.net,Govoni,Marcella
5663,ettore.amaldi@germain.com,Amaldi,Ettore
3879,rufino.gallegos@webster-newton.co.uk,Gallegos,Rufino
5900,georges.richards@macdonald.com,Richards,Georges
2272,janice.infantino@hotmail.com,Infantino,Janice
5436,svetlana.montanariello@putz.de,Montanariello,Svetlana
3676,agnolo.cedillo@laboratorios.biz,Cedillo,Agnolo
4676,hannah.jockel@ceravolo-tonisto.eu,Jockel,Hannah
1563,yvonne.stout@sims.edu,Stout,Yvonne
4349,anouk.pace@gmail.com,Pace,Anouk
1658,esteban.valdez@hotmail.com,Valdez,Esteban
2552,angelina.davies@hotmail.com,Davies,Angelina
4847,anastasie.cadena@live.com,Cadena,Anastasie
1553,hansjoachim.lettiere@hall-mcdaniel.net,Lettiere,Hansjoachim
2632,yeni.tejada@olson.edu.au,Tejada,Yeni
1908,dulce.adinolfi@hotmail.com,Adinolfi,Dulce
5801,sean.mielcarek@gmail.com,Mielcarek,Sean
1935,omar.fonseca@grupo.org,Fonseca,Omar
2609,henry.gucci@leleu.fr,Gucci,Henry
2740,samira.bottaro@vasseur.fr,Bottaro,Samira
1907,korinna.arnold@zapata-saenz.biz,Arnold,Korinna
1831,marcela.ferrante@gmx.de,Ferrante,Marcela
5177,douglas.amaya@favata-brenna.net,Amaya,Douglas
6179,katherina.barrientos@trobbiani.eu,Barrientos,Katherina
2917,brittany.tran@tele2.it,Tran,Brittany
1486,caroline.reeves@yahoo.com,Reeves,Caroline
3735,joe.michaud@yahoo.fr,Michaud,Joe
3838,marco.vittadello@gmail.com,Vittadello,Marco
2430,kim.webb@yahoo.com.au,Webb,Kim
2480,eugenia.zichichi@yahoo.com,Zichichi,Eugenia
3431,aurore.rosemann@leoncavallo-rusticucci.com,Rosemann,Aurore
1742,giustino.luzi@rolland.fr,Luzi,Giustino
4628,anita.galindo@gmail.com,Galindo,Anita
2385,gunhild.carrillo@elliott-gilbert.org,Carrillo,Gunhild
2213,rosa.paul@bien.com,Paul,Rosa
5188,marliese.oneal@gmail.com,Oneal,Marliese
3418,bethany.hartmann@yahoo.com,Hartmann,Bethany
5637,irina.martineau@gmail.com,Martineau,Irina
3530,beatriz.moulin@pinto.com,Moulin,Beatriz
3731,lucas.austin@gmail.com,Austin,Lucas
3219,carole.nohlmans@yahoo.com,Nohlmans,Carole
2392,bozena.schmitt@vallet.com,Schmitt,Bozena
5103,aimee.foconi@outlook.com,Foconi,Aimee
3992,marzena.carrero@roskoth.de,Carrero,Marzena
2442,raisa.poulain@fastwebnet.it,Poulain,Raisa
2913,marcantonio.bennett@hopkins.com.au,Bennett,Marcantonio
1631,kenneth.hurst@meunier.net,Hurst,Kenneth
4073,marisela.mende@godoy-enriquez.com,Mende,Marisela
4568,blanka.villareal@monduzzi.net,Villareal,Blanka
1830,tomislav.stoppani@corporacin.org,Stoppani,Tomislav
2623,krystal.ammaniti@barbier.fr,Ammaniti,Krystal
4327,deanna.aporti@bouygtel.fr,Aporti,Deanna
3713,donatella.burns@yahoo.de,Burns,Donatella
2389,margrit.hooper@douglas.com,Hooper,Margrit
5141,baccio.marcacci@laposte.net,Marcacci,Baccio
3522,alfio.roman@hotmail.co.uk,Roman,Alfio
1334,soledad.soto@hotmail.de,Soto,Soledad
4721,josh.cimarosa@hotmail.com,Cimarosa,Josh
3768,nath.rico@yahoo.com,Rico,Nath
1639,gary.armani@web.de,Armani,Gary
5149,miriam.oquendo@smith-watson.biz,Oquendo,Miriam
2153,monica.mohaupt@live.com,Mohaupt,Monica
2767,alec.ho@parra-esparza.com,Ho,Alec
5124,harry.fouquet@ibarra-cooper.com,Fouquet,Harry
2097,arcelia.babati@orange.fr,Babati,Arcelia
4796,trinidad.vespa@gmail.com,Vespa,Trinidad
5849,colette.ryan@hotmail.com,Ryan,Colette
1495,richard.andre@porras.org,Andre,Richard
2462,ellinor.leclercq@gmail.com,Leclercq,Ellinor
2280,patricio.guillon@web.de,Guillon,Patricio
1877,kirsten.chindamo@carrillo-wall.com,Chindamo,Kirsten
6108,leo.petruzzi@yahoo.com,Petruzzi,Leo
4427,margot.tomaselli@junck.org,Tomaselli,Margot
2881,ansaldo.marks@patel-odonnell.com,Marks,Ansaldo
2339,regina.morin@barcaccia.net,Morin,Regina
5156,karla.medici@yahoo.com,Medici,Karla
4750,morgan.irizarry@williams-harris.biz,Irizarry,Morgan
4852,natividad.wong@hoevel.com,Wong,Natividad
5734,anna.freeman@snyder.net,Freeman,Anna
3801,emilia.vivaldi@garnier.fr,Vivaldi,Emilia
4474,gerda.cook@tin.it,Cook,Gerda
1992,andrey.faure@frederick-mitchell.info,Faure,Andrey
5796,charlotte.duke@ochoa.org,Duke,Charlotte
1373,cindy.castillo@virgilio.it,Castillo,Cindy
1879,hiltrud.thibault@barbe.com,Thibault,Hiltrud
3072,kasimir.jaime@gmail.com,Jaime,Kasimir
4561,sabine.lachmann@phillips.org,Lachmann,Sabine
5201,andrea.arroyo@yahoo.com.au,Arroyo,Andrea
5871,matthew.velasquez@gmail.com,Velasquez,Matthew
3041,severino.linares@angeli.com,Linares,Severino
5864,swantje.lomeli@gmx.de,Lomeli,Swantje
3999,marcus.espino@comolli.eu,Espino,Marcus
4849,allen.gates@gmail.com,Gates,Allen
5461,mauricio.saunders@hotmail.co.uk,Saunders,Mauricio
5946,gilbert.cornejo@hotmail.com,Cornejo,Gilbert
4508,letizia.gulotta@howard.biz,Gulotta,Letizia
5096,etta.gutknecht@leconte.net,Gutknecht,Etta
5443,shelley.perry@gierschner.de,Perry,Shelley
2165,geoffrey.williams@poste.it,Williams,Geoffrey
2125,cory.stewart@voila.fr,Stewart,Cory
6141,kristy.bartlett@outlook.com,Bartlett,Kristy
5245,gianluca.beck@green.biz,Beck,Gianluca
2190,guido.krein@gmail.com,Krein,Guido
2243,leif.monnier@querini.it,Monnier,Leif
3336,jonas.badoer@kennedy.biz,Badoer,Jonas
3305,devin.ebert@yahoo.fr,Ebert,Devin
6191,slobodan.camiscione@hotmail.com,Camiscione,Slobodan
1326,volkmar.gauthier@hotmail.com,Gauthier,Volkmar
6159,jordan.rowe@outlook.com,Rowe,Jordan
2003,manon.daugherty@segre.com,Daugherty,Manon
5881,estela.segovia@vodafone.it,Segovia,Estela
1918,giada.celentano@evans.net,Celentano,Giada
2157,clayton.salcedo@hotmail.co.uk,Salcedo,Clayton
3149,raven.pinto@hotmail.com,Pinto,Raven
2444,lewis.lewis@pisano.net,Lewis,Lewis
6207,rochus.rousseau@nguyen.com,Rousseau,Rochus
5580,belinda.gamez@leleu.com,Gamez,Belinda
5942,angelo.lozano@macias.com,Lozano,Angelo
1592,jorge.monti@clement.fr,Monti,Jorge
2344,ricky.harrell@martin.edu,Harrell,Ricky
5995,adriano.wulf@schmidtke.net,Wulf,Adriano
5022,pompeo.bourdon@gmail.com,Bourdon,Pompeo
5991,kristie.garrett@wernecke.com,Garrett,Kristie
4020,lodovico.conley@yahoo.com,Conley,Lodovico
6028,jean.berthelot@oscuro.it,Berthelot,Jean
2790,tadeusz.medina@jackson-clark.net,Medina,Tadeusz
4033,ruby.carriera@hotmail.it,Carriera,Ruby
1261,theres.antonioni@hotmail.com,Antonioni,Theres
1979,gloria.morton@outlook.com,Morton,Gloria
2122,graziano.jensen@gmail.com,Jensen,Graziano
4506,gianpaolo.massey@bouvier.com,Massey,Gianpaolo
3016,alain.farmer@hotmail.it,Farmer,Alain
3272,renato.murillo@club.com,Murillo,Renato
1375,edda.ferraris@libero.it,Ferraris,Edda
4014,luce.marty@waehner.org,Marty,Luce
3199,rotraud.mitchell@laboratorios.com,Mitchell,Rotraud
2184,israel.watkins@hotmail.com,Watkins,Israel
2170,nathan.jennings@kim.com,Jennings,Nathan
1478,gavin.proietti@gmx.de,Proietti,Gavin
6163,emma.rios@yahoo.com.au,Rios,Emma
1889,todd.douglas@web.de,Douglas,Todd
5912,oscar.holsten@yahoo.com,Holsten,Oscar
2537,ann.peron@grupo.biz,Peron,Ann
2118,senta.grassi@hotmail.com,Grassi,Senta
3234,kata.mena@gmail.com,Mena,Kata
3842,gianfranco.hethur@stewart-lee.com.au,Hethur,Gianfranco
3032,florentine.saraceno@gmail.com,Saraceno,Florentine
3238,giuliano.bolzmann@pacillo.it,Bolzmann,Giuliano
2059,alwine.kostolzin@holloway.com,Kostolzin,Alwine
5238,giacinto.briggs@yahoo.co.uk,Briggs,Giacinto
2578,holly.negrete@hotmail.com,Negrete,Holly
4789,mark.trapanese@gmail.com,Trapanese,Mark
2357,alyssa.brun@chittolini-spadafora.it,Brun,Alyssa
1235,cristina.chevalier@proyectos.com,Chevalier,Cristina
3558,shannon.lefevre@gmail.com,Lefevre,Shannon
1707,logan.hornich@tin.it,Hornich,Logan
2842,rosalia.toro@free.fr,Toro,Rosalia
5318,reiner.poerio@yahoo.com,Poerio,Reiner
1620,valentina.pages@hotmail.de,Pages,Valentina
4998,enrico.fabre@gmail.com,Fabre,Enrico
3111,sevim.begue@yahoo.com.au,Begue,Sevim
1424,sonja.patberg@hotmail.com,Patberg,Sonja
3244,christine.hiller@yahoo.com,Hiller,Christine
4643,maik.beasley@harper-brooks.biz,Beasley,Maik
6132,elliot.santana@gmx.de,Santana,Elliot
3790,eloy.renzi@gmail.com,Renzi,Eloy
1312,wolf.lutz@nichols-jackson.com.au,Lutz,Wolf
5686,giuseppe.lee@mahe.org,Lee,Giuseppe
2111,angelica.cuellar@zaguri-bellucci.net,Cuellar,Angelica
5685,bekir.normand@yahoo.de,Normand,Bekir
1905,carmine.gonzales@schleich.net,Gonzales,Carmine
3271,marianne.hubert@hotmail.com,Hubert,Marianne
4178,gonzalo.montes@hotmail.com,Montes,Gonzalo
3275,shelly.guichard@gmail.com,Guichard,Shelly
5713,tobias.carbajal@live.com,Carbajal,Tobias
3339,santiago.berry@aol.de,Berry,Santiago
5585,emilio.davenport@zamora-russo.net,Davenport,Emilio
4407,maurizio.gute@knight.info,Gute,Maurizio
1941,nadia.travaglio@colletti-broggini.com,Travaglio,Nadia
4690,elisa.barkholz@sfr.fr,Barkholz,Elisa
3607,cristal.mazzini@gmail.com,Mazzini,Cristal
2670,trevor.granados@gmail.com,Granados,Trevor
5261,matthieu.mcdonald@morrison.org,Mcdonald,Matthieu
4121,juliette.preston@gmail.com,Preston,Juliette
4620,stanislaw.montalvo@mcpherson-hughes.info,Montalvo,Stanislaw
4630,lilia.lollobrigida@le.com,Lollobrigida,Lilia
3440,brigitta.shaw@hotmail.co.uk,Shaw,Brigitta
3572,rebeca.frey@gerard.fr,Frey,Rebeca
5306,nicolas.palacios@meraz.com,Palacios,Nicolas
5122,susanna.bonneau@klingelhoefer.de,Bonneau,Susanna
1368,romina.valentine@hotmail.com,Valentine,Romina
5370,erika.toussaint@sfr.fr,Toussaint,Erika
5636,lothar.laurent@garcia.com.au,Laurent,Lothar
6033,chelsea.verdugo@campbell.com,Verdugo,Chelsea
3599,ria.venier@murillo-estevez.com,Venier,Ria
5566,carly.summers@yahoo.co.uk,Summers,Carly
1873,pasquale.tomasini@hotmail.co.uk,Tomasini,Pasquale
3904,stefani.ughi@hotmail.it,Ughi,Stefani
4453,jose.huang@gmx.de,Huang,Jose
5481,petros.gaona@googlemail.com,Gaona,Petros
2987,maximilian.siering@gaito-fornaciari.org,Siering,Maximilian
2431,ermenegildo.holzapfel@aol.de,Holzapfel,Ermenegildo
4158,damien.leger@dixon.biz,Leger,Damien
3753,zeferino.barrera@zedillo-velazquez.com,Barrera,Zeferino
4391,alfred.pohl@fechner.net,Pohl,Alfred
2026,marissa.gaito@reed-campbell.edu,Gaito,Marissa
4547,ariana.houston@hotmail.it,Houston,Ariana
2798,victor.jacobs@young.com,Jacobs,Victor
4732,henriette.lang@mimun.it,Lang,Henriette
5126,wilfriede.baca@caraballo.com,Baca,Wilfriede
5151,lucia.riviere@samaniego.biz,Riviere,Lucia
2134,gordon.vigorelli@solano.com,Vigorelli,Gordon
5786,diethard.salgado@gmail.com,Salgado,Diethard
5515,sue.corrales@cardenas-serna.org,Corrales,Sue
4530,arthur.salazar@yahoo.com.au,Salazar,Arthur
4088,fortunata.schneider@tiscali.it,Schneider,Fortunata
3667,gretchen.serna@pichon.org,Serna,Gretchen
3286,egon.caron@hotmail.com,Caron,Egon
4804,roberta.finzi@knight-davies.co.uk,Finzi,Roberta
5768,editha.savage@davies.co.uk,Savage,Editha
6098,allan.emanuelli@fernandes.org,Emanuelli,Allan
2508,laurence.lucero@martin.org,Lucero,Laurence
5779,istvan.draghi@ifrance.com,Draghi,Istvan
1717,luigi.bonnet@carriera-federico.it,Bonnet,Luigi
3368,yuridia.fantozzi@mcdonald.com,Fantozzi,Yuridia
4265,eraldo.schmiedt@hotmail.de,Schmiedt,Eraldo
4455,antoinette.cox@bustamante.com,Cox,Antoinette
2940,cameron.ocampo@hotmail.com.au,Ocampo,Cameron
6144,lynn.lawson@leclercq.com,Lawson,Lynn
3657,natalia.seifert@ifrance.com,Seifert,Natalia
1537,nuray.anguillara@yahoo.co.uk,Anguillara,Nuray
2116,beate.morgan@gmail.com,Morgan,Beate
5102,mario.rees@gmx.de,Rees,Mario
5815,galasso.junken@yahoo.co.uk,Junken,Galasso
4250,luca.moses@franke.de,Moses,Luca
4533,aurelio.gertz@hewitt.net,Gertz,Aurelio
3329,uberto.steele@outlook.com,Steele,Uberto
3606,annie.hunter@allen.co.uk,Hunter,Annie
4749,jo.mccarty@hotmail.com,Mccarty,Jo
2222,eitel.lombard@thomas.net,Lombard,Eitel
1939,susan.vigliotti@yahoo.co.uk,Vigliotti,Susan
2456,jacqueline.germano@valette.fr,Germano,Jacqueline
2794,fidel.ruppert@yahoo.co.uk,Ruppert,Fidel
2648,margaret.eigenwillig@yahoo.com,Eigenwillig,Margaret
2545,yvette.harding@yahoo.co.uk,Harding,Yvette
3273,federigo.karge@bohlander.com,Karge,Federigo
6155,guenther.armenta@free.fr,Armenta,Guenther
6064,coriolano.higgins@murphy.org.au,Higgins,Coriolano
1729,felix.rubio@ebert.de,Rubio,Felix
4969,melanie.leveque@fleury.net,Leveque,Melanie
3402,abbie.galeati@ubaldi.it,Galeati,Abbie
2810,vittorio.caccioppoli@yahoo.com,Caccioppoli,Vittorio
2217,biagio.valenzuela@robinson.info,Valenzuela,Biagio
5140,dario.green@live.com,Green,Dario
4497,alwina.textor@poste.it,Textor,Alwina
5100,diether.baeza@grupo.biz,Baeza,Diether
3390,sole.trevino@hotmail.com,Trevino,Sole
1926,darren.bernardi@brooks-martin.com,Bernardi,Darren
3264,martina.heser@morellato.it,Heser,Martina
2573,bethan.giacometti@gmail.com,Giacometti,Bethan
3628,ethan.duhamel@sfr.fr,Duhamel,Ethan
3826,corrado.warren@hotmail.com.au,Warren,Corrado
5983,damian.pulido@yahoo.de,Pulido,Damian
5678,dino.osborne@despacho.com,Osborne,Dino
2093,nicolaus.bernetti@aol.de,Bernetti,Nicolaus
5333,gianna.carroll@perez.com,Carroll,Gianna
5139,grit.knight@web.de,Knight,Grit
3173,erin.weinhold@hotmail.fr,Weinhold,Erin
3333,craig.jordan@gmail.com,Jordan,Craig
2262,homero.respighi@gmail.com,Respighi,Homero
1531,fanny.pertile@gmail.com,Pertile,Fanny
4881,fridolin.comboni@graf.com,Comboni,Fridolin
3928,hugh.cantu@libero.it,Cantu,Hugh
1803,alphons.simmons@hotmail.com,Simmons,Alphons
2321,ludovico.cafarchia@gmail.com,Cafarchia,Ludovico
6234,nico.kaiser@almonte.com,Kaiser,Nico
1422,kirsty.lamy@alonzi.it,Lamy,Kirsty
2660,joshua.scheibe@turci.org,Scheibe,Joshua
5361,carin.pineau@yahoo.com,Pineau,Carin
3420,ellie.galarza@pareto-cattaneo.net,Galarza,Ellie
4337,marion.lira@ifrance.com,Lira,Marion
2338,aurelia.angiolello@lord.com,Angiolello,Aurelia
4140,maura.ravaglioli@yahoo.com,Ravaglioli,Maura
2373,brunhilde.fletcher@schomber.de,Fletcher,Brunhilde
1344,ottfried.marques@tyler-watson.info,Marques,Ottfried
2141,christelle.blasi@morris-chan.com,Blasi,Christelle
3415,augusto.vercelloni@club-internet.fr,Vercelloni,Augusto
5696,michela.pruvost@holt.co.uk,Pruvost,Michela
1798,guarino.escalante@hotmail.com,Escalante,Guarino
1657,gabriela.padilla@pearson-russell.com,Padilla,Gabriela
3651,agathe.dias@jackson.com,Dias,Agathe
3574,werner.kallert@gmail.com,Kallert,Werner
6063,lore.delaunay@yahoo.com,Delaunay,Lore
2404,enzio.campos@tim.it,Campos,Enzio
2705,walther.duarte@web.de,Duarte,Walther
5059,adelgunde.trevisan@gmail.com,Trevisan,Adelgunde
5466,thierry.schwartz@travaglio.net,Schwartz,Thierry
5821,katie.andersen@haney.com.au,Andersen,Katie
5385,kathy.zamorani@hotmail.com,Zamorani,Kathy
3506,giuseppina.tanguy@wanadoo.fr,Tanguy,Giuseppina
5427,jack.klapp@hotmail.com.au,Klapp,Jack
6142,tom.leconte@woods-johnson.com,Leconte,Tom
2873,bonnie.cignaroli@yahoo.com,Cignaroli,Bonnie
3916,danny.farrell@hotmail.com,Farrell,Danny
1687,fiorenzo.bauer@gmail.com,Bauer,Fiorenzo
1542,randy.alfieri@verri.org,Alfieri,Randy
3087,tim.bradley@schlosser.de,Bradley,Tim
3857,yves.mendez@gmail.com,Mendez,Yves
5921,raffaella.esquivel@gmail.com,Esquivel,Raffaella
3144,lawrence.vasari@castillo.edu,Vasari,Lawrence
2676,sam.adams@yahoo.com,Adams,Sam
3646,mirco.nicolini@blin.net,Nicolini,Mirco
1321,graham.bajardi@yahoo.com,Bajardi,Graham
1399,luc.quinn@walker.com,Quinn,Luc
3169,stella.ullrich@hotmail.com.au,Ullrich,Stella
2058,calcedonio.remy@edwards-benton.com,Remy,Calcedonio
1300,nanni.almaraz@martin.com,Almaraz,Nanni
2075,pascual.corradi@lopez.net.au,Corradi,Pascual
2984,kristi.grant@yahoo.co.uk,Grant,Kristi
4768,manuel.gracia@trussardi.eu,Gracia,Manuel
3682,gionata.hussain@yahoo.com,Hussain,Gionata
5901,maria.nguyen@hernadez.com,Nguyen,Maria
3540,leon.baker@hotmail.com,Baker,Leon
2225,gianmarco.alcaraz@zacchia.net,Alcaraz,Gianmarco
1485,derrick.little@small.org,Little,Derrick
5343,terry.ramirez@hotmail.co.uk,Ramirez,Terry
5594,katarina.clarke@hotmail.com.au,Clarke,Katarina
2482,leila.washington@gmail.com,Washington,Leila
2706,mirko.townsend@schmitt.com,Townsend,Mirko
4861,randall.connolly@jovinelli-castelli.com,Connolly,Randall
2961,pia.burgess@proyectos.org,Burgess,Pia
3043,justine.mancini@tiscali.it,Mancini,Justine
6103,reynaldo.wagenknecht@faure.com,Wagenknecht,Reynaldo
4708,toni.magrassi@gmail.com,Magrassi,Toni
4395,patrizio.cisneros@martinez.edu.au,Cisneros,Patrizio
4912,durante.lindner@picard.fr,Lindner,Durante
2030,rosl.lamborghini@hiller.net,Lamborghini,Rosl
5235,ugo.harrison@morley-chapman.co.uk,Harrison,Ugo
5001,isidor.carpenter@chauvin.com,Carpenter,Isidor
4093,marie.zoppetto@kallert.de,Zoppetto,Marie
2576,branko.chambers@ifrance.com,Chambers,Branko
6122,alan.pineda@proyectos.info,Pineda,Alan
2813,carmen.oestrovsky@gmail.com,Oestrovsky,Carmen
3737,shane.fernandez@hotmail.de,Fernandez,Shane
2803,debbie.guilbert@berg.edu,Guilbert,Debbie
5508,vito.dossi@hotmail.co.uk,Dossi,Vito
3850,evan.schacht@price.com,Schacht,Evan
4220,mandy.weston@free.fr,Weston,Mandy
4532,paulo.zito@nelson.biz,Zito,Paulo
6013,alberto.girschner@laboratorios.com,Girschner,Alberto
3396,giacomo.bouvet@gmail.com,Bouvet,Giacomo
4401,ehrentraud.puga@laboratorios.com,Puga,Ehrentraud
2981,cristian.hale@hotmail.co.uk,Hale,Cristian
4467,lilija.charles@gmail.com,Charles,Lilija
1377,albert.legendre@lee.com,Legendre,Albert
5036,marisa.renaud@smith.org,Renaud,Marisa
5761,sharon.diallo@gmail.com,Diallo,Sharon
3699,eduardo.delattre@lynch.net.au,Delattre,Eduardo
4519,bernadette.wang@gmail.com,Wang,Bernadette
5395,dina.gibbons@brewer.net,Gibbons,Dina
3057,clara.armstrong@vodafone.it,Armstrong,Clara
2741,elliott.herrmann@hotmail.com.au,Herrmann,Elliott
1675,graziella.vidal@hotmail.com,Vidal,Graziella
2712,francisca.becerra@young.com.au,Becerra,Francisca
4527,edeltrud.boyer@outlook.com,Boyer,Edeltrud
1722,julian.noble@hill.org.au,Noble,Julian
4330,christophe.bohnbach@ifrance.com,Bohnbach,Christophe
5219,ippazio.angulo@yahoo.com,Angulo,Ippazio
4997,grace.kroker@hotmail.com,Kroker,Grace
2239,jared.ferguson@roberts.com,Ferguson,Jared
4587,virginie.mclean@yahoo.com,McLean,Virginie
4113,mason.potter@gmail.com,Potter,Mason
4762,aaron.anaya@hotmail.com.au,Anaya,Aaron
5242,leah.ornelas@gmail.com,Ornelas,Leah
5765,harald.roy@web.de,Roy,Harald
2185,micaela.martel@hotmail.com,Martel,Micaela
5500,vincentio.sanders@voila.fr,Sanders,Vincentio
3494,bettina.norbiato@allen-lutz.org,Norbiato,Bettina
3924,julio.renner@industrias.net,Renner,Julio
3521,jelena.stiffel@trupp.de,Stiffel,Jelena
5262,guadalupe.munoz@murray-hamilton.com.au,Munoz,Guadalupe
3684,whitney.noack@laboratorios.org,Noack,Whitney
5784,gelsomina.migliaccio@junk.com,Migliaccio,Gelsomina
1498,evangelista.pereira@thompson-peterson.biz,Pereira,Evangelista
6073,gareth.comolli@tiscali.fr,Comolli,Gareth
4939,michelangelo.hess@bouygtel.fr,Hess,Michelangelo
